LU_GRP,DORCODE
GOVERNMENT,8600
MEDICAL OFFICE CONDO,1999
OFFICE CONDO,1799
COOPERATIVE,1040
MULTI-FAMILY,0400
INSTITUTIONAL,7406
INSTITUTIONAL,7408
MULTI-FAMILY,0508
1 STY STORE CONDO,1199
MOBILE HOMES,0200
INDUSTRAL CONDO,4899
MULTI-FAMILY,0500
HOA COMMERCIAL,7704
OFFICE CONDO,1899
GOVERNMENT,8900
INVALID CODE,1099
COMM./OFFICE,1720
INVALID CODE,0044
INVALID CODE,0903
INVALID CODE,0040
"UTILITY, R/W",9300
MULTI-FAMILY,0340
VACANT MH/COOP,0008
GOVERNMENT,9080
INVALID CODE,7501
INVALID CODE,2899
AGRICULTURAL,5100
INVALID CODE,0902
COMMERCIAL,2020
GOVERNMENT,9090
STORE/SHP CENTE,1310
GOVERNMENT,8910
APT CONDO,0403
INSTITUTIONAL,7500
GOVERNMENT,9040
INVALID CODE,9018
VACANT RESIDENT,0000
STORE/SHP CENTE,1620
INSTITUTIONAL,7503
MULTI-FAMILY,0399
VACANT COMM.,1000
INVALID CODE,NN
INSTITUTIONAL,7400
GOVERNMENT,8700
INSTITUTIONAL,7100
STORE/SHP CENTE,1400
"UTILITY, R/W",9100
INVALID CODE,9021
"UTILITY, R/W",9400
COMM./OFFICE,2201
INVALID CODE,0901
INVALID CODE,9085
INVALID CODE,9011
GOVERNMENT,9020
INVALID CODE,0045
LIGHT INDUS.,4600
INVALID CODE, 
MULTI-FAMILY,0800
GOVERNMENT,8610
INVALID CODE,8710
LANDSCAPE/WALL BUFFER,8660
"UTILITY, R/W",9600
INVALID CODE,0029
VACANT INDUS.,4000
SINGLE FAMILY,0106
COMM./OFFICE,3300
VACANT TOWNHOME,0006
COMM./OFFICE,2800
LIGHT INDUS.,4840
"UTILITY, R/W",9800
GOVERNMENT,8680
CHURCH PARSONAGES,7101
SINGLE FAMILY,0100
LIGHT INDUS.,4860
INVALID CODE,1750
AGRICULTURAL,6000
INVALID CODE,1950
STORE/SHP CENTE,1130
CEMETERY,7610
COMM./OFFICE,1930
STORE/SHP CENTE,1217
COMM./OFFICE,2754
INSTITUTIONAL,7700
COMM./OFFICE,1740
INVALID CODE,1140
COMM./OFFICE,1830
INVALID CODE,1951
STORE/SHP CENTE,1201
INVALID CODE,1751
INVALID CODE,1005
STORE/SHP CENTE,1211
COMM./OFFICE,1910
INVALID CODE,0501
COMM./OFFICE,1730
COMM./OFFICE,1710
INVALID CODE,1851
STORE/SHP CENTE,1630
INVALID CODE,0910
HEAVY INDUS.,4900
COMM./OFFICE,2503
COMM./OFFICE,2103
GOVERNMENT,8670
COMM./OFFICE,2300
INSTITUTIONAL,7600
COMM./OFFICE,2104
MULTI-FAMILY,0700
COMM./OFFICE,1820
COMM./OFFICE,1840
COMM./OFFICE,2102
COMM./OFFICE,2755
MULTI-FAMILY,0408
LIGHT INDUS.,4103
COMM./OFFICE,2751
INVALID CODE,7150
LIGHT INDUS.,4830
MULTI-FAMILY,0310
INVALID CODE,7550
COMM./OFFICE,2704
INVALID CODE,4905
COMM./OFFICE,3911
STORE/SHP CENTE,1203
COMM./OFFICE,3924
COMM./OFFICE,2504
COMM./OFFICE,2703
INVALID CODE,1050
SCHOOLS/COLLEGE,7240
STORE/SHP CENTE,1410
INVALID CODE,4901
LIGHT INDUS.,4820
MULTI-FAMILY,0630
LIGHT INDUS.,4104
LIGHT INDUS.,4870
INVALID CODE,7548
COMM./OFFICE,1940
STORE/SHP CENTE,1248
SCHOOLS/COLLEGE,7250
STORE/SHP CENTE,1120
STORE/SHP CENTE,1227
LIGHT INDUS.,4400
COMM./OFFICE,2753
COMM./OFFICE,2501
SCHOOLS/COLLEGE,8300
COMM./OFFICE,2720
INVALID CODE,7730
INVALID CODE,7740
INVALID CODE,4803
COMM./OFFICE,1920
SFR BLD ARND MH,0102
MULTI-FAMILY,0640
INVALID CODE,2757
GOVERNMENT,9070
SCHOOLS/COLLEGE,7230
MULTI-FAMILY,0801
COMM./OFFICE,2203
PARKS,8200
SCHOOLS/COLLEGE,7210
COMM./OFFICE,2502
AGRICULTURAL,6900
STORE/SHP CENTE,1110
COMM./OFFICE,1810
INVALID CODE,0111
LIGHT INDUS.,4700
SCHOOLS/COLLEGE,7200
LIGHT INDUS.,4810
COMM./OFFICE,1850
INSTITUTIONAL,7710
INVALID CODE,4903
INVALID CODE,9048
COMM./OFFICE,2204
COMM./OFFICE,2752
SCHOOLS/COLLEGE,7220
COMM./OFFICE,2101
INVALID CODE,7720
COMM./OFFICE,2202
INVALID CODE,2805
LIGHT INDUS.,4500
LIGHT INDUS.,4300
MULTI-FAMILY,0620
INVALID CODE,1423
COMM./OFFICE,3200
INVALID CODE,1422
LIGHT INDUS.,4101
INVALID CODE,1421
LIGHT INDUS.,4880
GOVERNMENT,8800
INVALID CODE,4904
STORE/SHP CENTE,1105
INVALID CODE,4801
COMM./OFFICE,2702
MULTI-FAMILY,0610
LIGHT INDUS.,4850
COMM./OFFICE,3934
MULTI-FAMILY,0350
INVALID CODE,8748
MULTI-FAMILY,0396
COMM./OFFICE,2710
AGRICULTURAL,6700
INVALID CODE,4804
STORE/SHP CENTE,1420
AGRICULTURAL,6800
AGRICULTURAL,5900
AGRICULTURAL,6600
LIGHT INDUS.,4893
INVALID CODE,4802
COMM./OFFICE,3923
LIGHT INDUS.,4891
COMMERCIAL,2000
LIGHT INDUS.,4102
INVALID CODE,7519
LIGHT INDUS.,4894
COMM./OFFICE,2814
COMM./OFFICE,3921
COMM./OFFICE,2701
STORE/SHP CENTE,1610
LIGHT INDUS.,4892
COMM./OFFICE,2820
STORE/SHP CENTE,1228
INVALID CODE,7517
COMM./OFFICE,3500
MULTI-FAMILY,0670
INVALID CODE,7506
COMM./OFFICE,3922
STORE/SHP CENTE,1239
INVALID CODE,4902
MINING,9200
INVALID CODE,9039
COMM./OFFICE,3931
INVALID CODE,8718
COMM./OFFICE,2815
INVALID CODE,7301
COMM./OFFICE,2813
COMM./OFFICE,3400
INVALID CODE,2756
STORE/SHP CENTE,1320
MULTI-FAMILY,0680
LIGHT INDUS.,4813
MARINAS,2010
SCHOOLS/COLLEGE,8400
LIGHT INDUS.,4811
MULTI-FAMILY,0320
INSTITUTIONAL,7310
COMM./OFFICE,3913
MULTI-FAMILY,0330
INVALID CODE,9013
COMM./OFFICE,2812
MULTI-FAMILY,0398
STORE/SHP CENTE,1305
PRIVATE GC,3810
MULTI-FAMILY,0621
INSTITUTIONAL,7300
INVALID CODE,0611
LIGHT INDUS.,4812
COMM./OFFICE,3912
COMM./OFFICE,3932
INVALID CODE,6910
COMM./OFFICE,3933
MULTI-FAMILY,0650
MULTI-FAMILY,0660
COMM./OFFICE,3914
MULTI-FAMILY,0397
INVALID CODE,9016
INVALID CODE,9025
LIGHT INDUS.,4814
COMM./OFFICE,3100
INVALID CODE,8703
INVALID CODE,8739
EXEC/PRACTICE GC,3840
VACANT ACREAGE,9900
INVALID CODE,9929
INVALID CODE,7525
INSTITUTIONAL,8510
COMM./OFFICE,3700
COMM./OFFICE,2811
STORE/SHP CENTE,1510
SEMI PRIVATE GC,3820
INVALID CODE,9015
GOVERNMENT,8100
